Usia,Harga
0,98.46808510638299
1,93.02127659574468
2,87.57446808510639
3,82.12765957446808
4,76.68085106382979
5,71.23404255319149
6,65.7872340425532
7,60.34042553191489
8,54.89361702127659
9,49.44680851063829
10,43.99999999999999
11,38.553191489361694
12,33.10638297872339
13,27.659574468085097
14,22.21276595744679
15,16.7659574468085
